epoch,train_loss,val_loss,elapsed_sec
1,0.0008459685628076259,0.00014642499537572643,0.6509106159210205
2,0.00012692018302472549,0.0001219023046521411,1.2674689292907715
3,0.00010725025641730058,0.00010497937320814103,1.9610860347747803
4,9.139922817390913e-05,8.480253980658606e-05,2.5588786602020264
5,7.889486670128841e-05,7.492056479522828e-05,3.1566290855407715
6,7.999528958597935e-05,0.00010246855222997314,3.679952383041382
7,6.885192604781427e-05,7.658912405140308e-05,4.205751180648804
8,6.28152755585636e-05,6.428064137518177e-05,4.730700492858887
9,5.6954989528100115e-05,6.079927168431385e-05,5.245991468429565
10,5.5088772203311316e-05,5.935211047011463e-05,5.76546835899353
11,5.04174298049284e-05,5.603774813688331e-05,6.273223400115967
12,4.7747850713406365e-05,5.126089684070601e-05,6.791686296463013
13,4.4342732560387944e-05,4.7127845437565073e-05,7.338750600814819
14,4.496849437353771e-05,6.179720127610253e-05,7.881480693817139
15,4.190971813745426e-05,4.9938213745503436e-05,8.44148063659668
16,3.8675438960713445e-05,4.2041630969166204e-05,8.987929105758667
17,3.6910974688562246e-05,5.432091043824389e-05,9.521418571472168
18,3.786307381244823e-05,3.971840581045076e-05,10.047820329666138
19,3.3104062209421134e-05,3.694898517591631e-05,10.583287477493286
20,3.219017588317553e-05,4.540604537465651e-05,11.106276512145996
21,3.1811336840108856e-05,4.799725108649552e-05,11.635812044143677
22,2.9657747854624454e-05,4.6276880795308504e-05,12.149115085601807
23,2.988589548971876e-05,3.984587371483434e-05,12.657165288925171
24,2.930157537508485e-05,2.718895453492937e-05,13.187748193740845
25,2.8175913323760785e-05,3.3761408775705916e-05,13.718834161758423
26,2.596930164854305e-05,3.652439155775016e-05,14.242594003677368
27,2.656059102348674e-05,3.0946821828400036e-05,14.776044607162476
28,2.5260380849844e-05,3.732527209971913e-05,15.312682390213013
29,2.6169834711527365e-05,3.707726804511563e-05,15.846689462661743
30,2.4887866241155013e-05,2.9234933841692083e-05,16.39130711555481
31,2.3733823044445387e-05,3.154176318252833e-05,16.924851179122925
32,2.3501824027637003e-05,2.7631560108521982e-05,17.45892596244812
33,2.0808119301910335e-05,2.5002692739149154e-05,17.99131965637207
34,2.2073572507886307e-05,2.8238251259240257e-05,18.5257408618927
35,2.1908944869012656e-05,2.4746832008808085e-05,19.04759669303894
36,2.238679308603356e-05,2.7462154309743503e-05,19.580212593078613
37,2.1090462192055803e-05,2.175393021527178e-05,20.11933183670044
38,1.9972648176324803e-05,2.504637468749174e-05,20.69060468673706
39,1.892079475824219e-05,2.8233721135206273e-05,21.22483468055725
40,1.8606990900511978e-05,2.5132868243797675e-05,21.77788209915161
41,2.023976122028382e-05,2.373581057465252e-05,22.325066089630127
42,1.7337398409804205e-05,2.3420931639417247e-05,22.905930280685425
43,2.0561284754266192e-05,2.231516283487347e-05,23.462425470352173
44,1.676913264043705e-05,2.566238867696979e-05,24.014681339263916
45,1.6304819372469768e-05,2.4110762417796097e-05,24.583729028701782
46,1.591409521245568e-05,2.3090647613847793e-05,25.137962341308594
47,1.8827424997716925e-05,2.299381461093214e-05,25.684666872024536
48,1.6127389346203095e-05,2.370818132292214e-05,26.22758913040161
49,1.4677979514601521e-05,2.360567025248259e-05,26.764805793762207
50,1.562809579910955e-05,2.6902193560919287e-05,27.419169664382935
51,1.7174580226621268e-05,2.452630064620775e-05,28.06055998802185
52,1.4630131312160505e-05,2.4414864738797475e-05,28.657551527023315
53,1.577423115875241e-05,2.1312712237023e-05,29.218761205673218
54,1.6697626436619144e-05,2.3081955354243718e-05,29.794430255889893
55,1.5830529440145926e-05,2.552659913782941e-05,30.481950759887695
56,1.4698180048623753e-05,2.0680403924669447e-05,31.14487385749817
57,1.534636262636667e-05,2.6650901867170327e-05,31.784285306930542
58,1.4846739066360142e-05,1.9908750812335918e-05,32.52694272994995
59,1.3147004790316889e-05,2.010727757230678e-05,33.154051542282104
60,1.404344296340093e-05,2.2192370251323616e-05,33.77114939689636
61,1.412747096096769e-05,2.0562011764301546e-05,34.324941635131836
62,1.3233117638860633e-05,1.9701487872225698e-05,34.886008977890015
63,1.3324119967242781e-05,1.739642441896626e-05,35.44656538963318
64,1.1798865825157075e-05,1.9851566286911582e-05,36.0115864276886
65,1.3194243587721709e-05,1.857342547598911e-05,36.587783098220825
66,1.4119878208623903e-05,1.7234514289847987e-05,37.15895342826843
67,1.301320626138616e-05,1.7902092904593323e-05,37.74010968208313
68,1.1938150555434054e-05,1.7501959334793676e-05,38.31875443458557
69,1.3013672033091357e-05,2.2820322682710418e-05,38.88764190673828
70,1.3242969224449826e-05,2.017588163261844e-05,39.47326636314392
71,1.3110524516157228e-05,1.847926053334406e-05,40.04874014854431
72,1.1835185672296825e-05,1.7309762214712394e-05,40.61562180519104
73,1.1459657930906735e-05,1.9421465586225466e-05,41.1904182434082
74,1.398939654149153e-05,2.130882266204866e-05,41.779162883758545
75,1.2295571088351732e-05,2.373663994171981e-05,42.36396336555481
76,1.382006410831861e-05,1.694128871384214e-05,42.951772928237915
77,1.2468222622190954e-05,1.8454485235693775e-05,43.551605224609375
78,1.1076347457386607e-05,1.86432698107718e-05,44.15008020401001
79,1.2284407707753393e-05,1.5047532450566156e-05,44.76283860206604
80,1.3061220240303146e-05,1.8949964939991653e-05,45.3730788230896
81,1.2431434885066016e-05,1.6394067326381204e-05,45.96671462059021
82,1.0437143643071867e-05,1.8277902902038385e-05,46.57369661331177
83,1.0812347520808277e-05,2.0038715003373667e-05,47.15617656707764
84,1.1120964522989945e-05,1.786001396944409e-05,47.771244764328
85,1.21552264974566e-05,1.7427360288348622e-05,48.39555788040161
86,1.130853178010831e-05,1.6074443419135684e-05,49.02448511123657
87,1.0192203370216578e-05,1.4551880984164441e-05,49.637232303619385
88,1.0792394418742403e-05,1.69166832096426e-05,50.273130893707275
89,1.0609246874373174e-05,1.6021390238856377e-05,50.91786742210388
90,1.196562530653588e-05,1.5818591893111248e-05,51.55021142959595
91,1.0639667060388366e-05,1.6992618770064503e-05,52.1641845703125
92,1.0632587927016568e-05,1.91392866695481e-05,52.78870916366577
93,1.1847857510878465e-05,1.8807877092478543e-05,53.400169372558594
94,9.505745726409268e-06,1.5541288294001257e-05,54.01253056526184
95,1.0140015824719577e-05,1.8467800468379556e-05,54.63320803642273
96,9.355648479993197e-06,1.7356483677079418e-05,55.25030493736267
97,9.68554421199598e-06,1.7320788623393023e-05,55.86746835708618
98,9.660762521197845e-06,1.5196771626137831e-05,56.51268696784973
99,1.0241065792913829e-05,1.601216749056416e-05,57.25337743759155
100,1.0112102995009218e-05,1.918036723279179e-05,58.00000500679016
101,1.1467004909015338e-05,1.6333016665618132e-05,58.66996741294861
102,1.0527103332394083e-05,1.4965818248623968e-05,59.29257535934448
103,8.688039471712945e-06,1.2957910240413784e-05,59.944608211517334
104,1.036424622109447e-05,1.7560698393889986e-05,60.69541525840759
105,1.0418377637172478e-05,1.6796119573111263e-05,61.43035578727722
106,1.1120801236727904e-05,1.938387158818991e-05,62.20416045188904
107,9.32507195677852e-06,1.833739898307912e-05,62.98520851135254
108,1.052401680957259e-05,1.669742235933398e-05,63.62570309638977
109,8.999691444638628e-06,1.674200680847921e-05,64.27047801017761
110,1.1114896736103583e-05,1.4587473736965773e-05,64.88510990142822
111,9.33783271372236e-06,2.1497914853562526e-05,65.51782250404358
112,9.271314476686697e-06,1.3794861353767661e-05,66.1511058807373
113,8.69205753794483e-06,1.4207878842781507e-05,66.7678804397583
114,8.578977007747103e-06,1.567200821181693e-05,67.38669013977051
115,9.770743311843564e-06,1.3912331188650938e-05,68.01804804801941
116,8.237707966043834e-06,1.7557679331983748e-05,68.66231560707092
117,1.1228542194722001e-05,1.9468728180671157e-05,69.28808498382568
118,1.0028204760252824e-05,1.4095095340525393e-05,69.90917491912842
119,9.142962353623985e-06,1.8579397667192005e-05,70.52205920219421
120,8.91832732799602e-06,1.378569839036135e-05,71.13335490226746
121,8.446555062973654e-06,1.6573767206403928e-05,71.72909045219421
122,9.661446164828723e-06,1.3448563722589295e-05,72.34366655349731
123,9.964684755314969e-06,1.647819086037653e-05,72.96755170822144
124,9.775375153335386e-06,1.4713095050508486e-05,73.59700584411621
125,9.255718399067418e-06,1.4531551262078647e-05,74.24024558067322
126,8.595936609702776e-06,1.6054491217939266e-05,74.87096166610718
127,9.196130393977042e-06,1.4504056655858199e-05,75.51323652267456
128,8.157290349350287e-06,1.6354369039664228e-05,76.12740874290466
129,1.0604932381153257e-05,1.3214645352053583e-05,76.73265862464905
130,8.669829831762963e-06,1.3862003245926242e-05,77.34649062156677
131,8.278936927065758e-06,1.4790252344373354e-05,77.93381381034851
132,9.000094292676835e-06,1.3202207067974363e-05,78.531259059906
133,7.936498429179906e-06,1.3633330823561469e-05,79.13488817214966
134,9.184593958556311e-06,1.5347055223979693e-05,79.75369238853455
135,9.071163418911529e-06,1.3000566762261596e-05,80.37873721122742
136,8.194848301361769e-06,1.3473944179593996e-05,81.02165675163269
137,8.541882143269153e-06,1.2566638838794876e-05,81.70011234283447
138,1.091833693874632e-05,1.2833056114433493e-05,82.32640480995178
139,8.193280598370563e-06,1.616356984172105e-05,82.9618604183197
140,8.484883396951378e-06,1.5857838120667375e-05,83.57921957969666
141,8.53653211332932e-06,1.2576746795977808e-05,84.18919396400452
142,7.647783967115448e-06,1.3156179440695176e-05,84.80871438980103
143,8.194004548162406e-06,1.4093573168747177e-05,85.4221498966217
144,8.220123388677015e-06,1.517492547705681e-05,86.03906059265137
145,9.139961413382206e-06,1.295236456193195e-05,86.64732599258423
146,7.77826398960245e-06,1.3510323046657619e-05,87.426349401474
147,9.445560403409169e-06,1.4436932389476688e-05,88.21123671531677
148,9.15296697840472e-06,1.2873485594596626e-05,88.92768812179565
149,7.455791299830257e-06,1.4954212267322781e-05,89.58126282691956
150,1.143528772544074e-05,1.229305382965529e-05,90.34912252426147
151,7.32829279856557e-06,1.3414883965254641e-05,91.06365847587585
152,7.426345628670814e-06,1.234514672168062e-05,91.7735915184021
153,7.655015549814812e-06,1.469083784436004e-05,92.63124370574951
154,7.2384251992140745e-06,1.3228983898673654e-05,93.30373215675354
155,8.185770115343444e-06,1.3805135650623993e-05,94.05200481414795
156,7.497976522614181e-06,1.690722739469861e-05,94.75918769836426
157,9.544286158619472e-06,1.189504129360091e-05,95.42582368850708
158,7.330084774087746e-06,1.7815882851601037e-05,96.08644795417786
159,8.385188555522631e-06,1.2910272772974686e-05,96.74908423423767
160,7.674809559319055e-06,1.744549161783284e-05,97.41985607147217
161,8.286489754626151e-06,1.2910368816766451e-05,98.07366299629211
162,7.856260608401825e-06,1.321968549538862e-05,98.73240447044373
163,8.183482580711724e-06,1.564200516740233e-05,99.35136008262634
164,7.317267830420898e-06,1.5933336876111718e-05,99.98264408111572
165,8.995810675785037e-06,1.4003863650688362e-05,100.62237000465393
166,7.3406960834113405e-06,1.2080744771175219e-05,101.26067590713501
167,7.507731699585686e-06,1.345492304193889e-05,101.93065881729126
168,7.703253454027569e-06,1.457600857192338e-05,102.60902214050293
169,7.2310649106650395e-06,1.36937367619506e-05,103.26913142204285
170,7.89592570200125e-06,1.5699971927345738e-05,103.92887663841248
171,1.0007572550406645e-05,1.594946731149574e-05,104.59194993972778
172,7.680694808003612e-06,1.2459978555668812e-05,105.25053215026855
173,7.399213178104082e-06,1.5895278529224244e-05,105.87885975837708
174,7.622572370085294e-06,1.2948586365520804e-05,106.5026605129242
175,8.526078339094e-06,1.4091622314124465e-05,107.13431978225708
176,7.143618455220843e-06,1.417359160630532e-05,107.77877283096313
177,7.999410428192423e-06,1.6905019273957506e-05,108.4204421043396
178,7.599033825607158e-06,1.5462371381165467e-05,109.09474802017212
179,7.517777855294214e-06,1.2980660358152818e-05,109.77566242218018
180,7.456327340897666e-06,1.3855909107601465e-05,110.44544124603271
181,7.72831515441736e-06,1.3355116330969878e-05,111.10616636276245
182,8.234463894331829e-06,1.3431763358012983e-05,111.82108974456787
183,7.19298596856117e-06,1.572646121381188e-05,112.52245831489563
184,7.77946992727379e-06,1.2784752067966132e-05,113.14999413490295
185,7.866028265500308e-06,1.1811180805044743e-05,113.82891845703125
186,7.192517479268372e-06,1.3031225788364293e-05,114.51257991790771
187,7.063386468429942e-06,1.4817828799360668e-05,115.18655896186829
188,8.018033814135498e-06,1.4331416837827603e-05,115.84107732772827
189,7.812269019448725e-06,1.147569260761953e-05,116.51998257637024
190,7.070252721926847e-06,1.2191190866291482e-05,117.29992985725403
191,7.621817234504675e-06,1.2543625543221885e-05,118.10645699501038
192,7.04495379815022e-06,1.1775538202723683e-05,118.84765338897705
193,7.33306655900541e-06,1.3556429690606244e-05,119.53120255470276
194,8.364914318287182e-06,1.4879320904675538e-05,120.32816481590271
195,7.948724042928105e-06,1.4346166096137367e-05,121.12066578865051
196,7.710628477553064e-06,1.41486933887192e-05,121.90281414985657
197,7.63820983697784e-06,1.3541154220535955e-05,122.813321352005
198,7.174534991431625e-06,1.137818263844024e-05,123.56066560745239
199,6.851571348864508e-06,1.097512215927031e-05,124.33232283592224
200,7.510552405146185e-06,1.4496698411998686e-05,125.05138683319092
201,7.1971239428069945e-06,1.1341594915704057e-05,125.75762677192688
202,6.904107750958651e-06,1.2213638928176207e-05,126.46663475036621
203,7.460704085833612e-06,1.3379316045112446e-05,127.18896222114563
204,6.815847550555214e-06,1.308487587347015e-05,127.9376573562622
205,7.638052134809867e-06,1.2797593148828622e-05,128.6890172958374
206,7.49027865680046e-06,1.2801272509644644e-05,129.3773169517517
207,6.510217828033961e-06,1.1642953199089455e-05,130.06028938293457
208,7.662247343906316e-06,1.3883005401192903e-05,130.73024892807007
209,7.883758842191933e-06,1.3959745369384454e-05,131.4142301082611
210,7.61179949469411e-06,1.2148420012900842e-05,132.17567014694214
211,6.517221228537433e-06,1.1940781796856524e-05,132.89573884010315
212,6.948808436318475e-06,1.4227631398378296e-05,133.6308081150055
213,7.134322055853104e-06,1.3987373377754989e-05,134.35922646522522
214,8.363709975137303e-06,1.3688537503093116e-05,135.09386253356934
215,6.714551535713227e-06,1.3587479701573678e-05,135.78549146652222
216,6.573723809173717e-06,1.0900344636002622e-05,136.4824628829956
217,6.666772680790355e-06,1.5053666186448233e-05,137.16428399085999
218,7.642171514538214e-06,1.157765228538354e-05,137.85658931732178
219,6.793988351722229e-06,1.5603155819157615e-05,138.54741525650024
220,8.03752783349555e-06,1.45193011052516e-05,139.25416493415833
221,7.385296306654726e-06,1.1906444647541356e-05,140.00053524971008
222,7.09058958063296e-06,1.1981110841174363e-05,140.73998355865479
223,6.532788463115871e-06,1.4643481134481601e-05,141.48698329925537
224,6.24003619834864e-06,1.271691439509181e-05,142.2436261177063
225,5.759028089452416e-06,1.189690604843247e-05,142.9792664051056
226,7.61910111865558e-06,1.1264798840899477e-05,143.69653058052063
227,7.18640930558693e-06,1.4660242287172417e-05,144.41916036605835
228,8.015633134585423e-06,1.319646769590253e-05,145.13990759849548
229,6.382425674030655e-06,1.419643013498818e-05,145.84658670425415
230,6.8757593633638925e-06,1.2884759581550187e-05,146.55590152740479
231,6.657322585535219e-06,1.2656943057019034e-05,147.39627885818481
232,6.607339910899896e-06,1.2752426041688408e-05,148.244225025177
233,7.5188867647001184e-06,1.2899769381310531e-05,149.01883101463318
234,7.456194540142538e-06,1.1812975733132762e-05,149.7702877521515
235,7.027066715726543e-06,1.049418753172165e-05,150.6740062236786
236,5.464447117054706e-06,1.1282009396220733e-05,151.52576613426208
237,6.808620749967368e-06,1.1602941545397353e-05,152.4403669834137
238,6.393240491510973e-06,1.1020874241314485e-05,153.3014097213745
239,6.55458819465231e-06,1.0397962039607154e-05,154.12132167816162
240,6.376707368474217e-06,1.3975916398164913e-05,154.8679666519165
241,6.688134093268783e-06,1.2735942682066028e-05,155.60619735717773
242,7.259619909013862e-06,1.7569181481225244e-05,156.3474051952362
243,7.2688801683165735e-06,1.3400065228457215e-05,157.0668659210205
244,6.42060628195122e-06,1.4536126342781117e-05,157.80113554000854
245,7.822094221700799e-06,1.122346062298744e-05,158.51545524597168
246,6.21687017984933e-06,1.1196518569336092e-05,159.23070812225342
247,7.497099425392209e-06,1.4179877918558063e-05,159.96005415916443
248,7.070554071228057e-06,1.2227587197955898e-05,160.6895034313202
249,5.873073072675928e-06,1.1905096880006649e-05,161.40760779380798
250,5.562908560900593e-06,1.2101392931532545e-05,162.13014101982117
251,6.823567171598431e-06,1.2943128838949495e-05,162.8823266029358
252,6.960679213469225e-06,1.32997837324724e-05,163.62513375282288
253,7.02975372338658e-06,1.6132697044069366e-05,164.3742938041687
254,7.582154472030247e-06,1.3364087189523772e-05,165.1182460784912
255,7.436179333100195e-06,1.2067525680138232e-05,165.8615562915802
256,6.2703290369447465e-06,1.1910717597557674e-05,166.58517742156982
257,6.267912790651887e-06,1.3659498448230554e-05,167.30683946609497
258,6.249984857242145e-06,1.2000527948646178e-05,168.03734493255615
259,6.2021585633080864e-06,1.384183563839289e-05,168.75087571144104
260,6.8632521149923674e-06,1.1303921129655453e-05,169.46999859809875
261,6.1257503283343155e-06,1.014894544685468e-05,170.21170258522034
262,6.890926176918339e-06,1.2478052241609084e-05,170.9624593257904
263,6.460797843677815e-06,1.218202494414924e-05,171.70335626602173
264,6.435795549564159e-06,1.215499045014716e-05,172.46680068969727
265,6.680121202317385e-06,1.2687383815905896e-05,173.22737979888916
266,7.097965170050128e-06,1.3543581258954298e-05,173.95999121665955
267,5.9920903084729076e-06,1.197931586703598e-05,174.687997341156
268,6.094011561694955e-06,1.2419799934867092e-05,175.40244579315186
269,6.797296664125099e-06,1.4192332550516732e-05,176.11211967468262
270,6.198355161071691e-06,1.0973482469839664e-05,176.81216168403625
271,6.156099992188446e-06,1.2146777042381714e-05,177.7062849998474
272,7.117315592400852e-06,1.2194232153254959e-05,178.54561376571655
273,7.364119989423912e-06,1.1936664117157203e-05,179.3243908882141
274,6.518258325636438e-06,1.4237960667857426e-05,180.1733980178833
275,6.882315833667026e-06,1.0829297364960186e-05,181.0735867023468
276,6.667733337474836e-06,1.1561831538701767e-05,181.94539713859558
277,5.7477304871950854e-06,1.313501297197116e-05,183.0103235244751
278,6.2917944768750735e-06,1.1460794528921966e-05,183.80754113197327
279,6.023041352452714e-06,1.2869614123171888e-05,184.59020686149597
280,7.271852448578744e-06,1.5295890194995336e-05,185.35082459449768
281,6.636661807966483e-06,1.4969562857050399e-05,186.12390303611755
282,6.372912719034677e-06,1.2002623798598276e-05,186.893413066864
283,5.910430292232967e-06,1.4290445529074037e-05,187.6590552330017
284,6.780336828257849e-06,1.360701137659644e-05,188.4104540348053
285,6.68175431555734e-06,1.1300970582057364e-05,189.139151096344
286,6.120721707429475e-06,1.1318361188548092e-05,189.8474462032318
287,5.741322862383086e-06,1.2316403782175326e-05,190.57608318328857
288,6.720502983553277e-06,1.1570498096446073e-05,191.33299112319946
289,5.58215049477149e-06,1.1997889009474915e-05,192.0567090511322
290,5.491090459967521e-06,9.80962253483016e-06,192.8303186893463
291,6.258463682619834e-06,1.304710201997917e-05,193.60771989822388
292,6.9428719290355595e-06,1.2581556497531857e-05,194.37362003326416
293,7.160238610798517e-06,1.3021297490922734e-05,195.13565039634705
294,6.243665447604748e-06,1.1484923765859588e-05,195.8788182735443
295,5.97973659472055e-06,1.5575587106387858e-05,196.58289623260498
296,6.23610540873932e-06,1.2588664751230589e-05,197.32598042488098
297,7.048676801636125e-06,1.5258091618214834e-05,198.02883291244507
298,8.232479673277415e-06,1.3029561493648187e-05,198.75889563560486
299,5.940422375024006e-06,1.1506550660520081e-05,199.49649620056152
300,5.810038355804817e-06,1.1771891865775408e-05,200.2605140209198
301,6.989429620241604e-06,1.2051874260647264e-05,201.0157434940338
302,6.50087780924221e-06,1.126162750482809e-05,201.78620386123657
303,5.93146346211677e-06,1.1359450420772927e-05,202.5892894268036
304,6.2938079397823026e-06,1.0847404705082571e-05,203.35406184196472
305,6.089386828354615e-06,1.3439763768451197e-05,204.08953857421875
306,5.815648780179808e-06,1.135418624817018e-05,204.81893706321716
307,7.032740205423047e-06,1.1352906272528528e-05,205.55678129196167
308,6.333270291612315e-06,1.2099557795719895e-05,206.2966935634613
309,5.979040040914081e-06,1.225959368075334e-05,207.07076025009155
310,6.282700110277685e-06,1.2987234393083874e-05,207.9830822944641
311,5.9128986644857454e-06,1.329111674876222e-05,208.8129358291626
312,6.250634736245436e-06,1.2352151287227052e-05,209.57728910446167
313,5.8462900300693405e-06,1.1885469178461008e-05,210.44132947921753
314,6.582292960015235e-06,1.1993199873531807e-05,211.28645396232605
315,6.214709985372359e-06,1.0621127111784218e-05,212.1598949432373
316,5.946486983763946e-06,1.1972447483930398e-05,213.12588143348694
317,5.9617210941148565e-06,1.08892681993571e-05,213.92432808876038
318,5.752739139896761e-06,1.2634769495601671e-05,214.71152901649475
319,7.0108716159846226e-06,1.1539015373227237e-05,215.4563491344452
320,5.8152258208310425e-06,1.1860715110028823e-05,216.19593214988708
321,6.651310766715388e-06,1.118851494976309e-05,216.96032333374023
322,6.065983140438322e-06,1.1701208401248124e-05,217.71047687530518
323,6.493812275431364e-06,1.5056555748972791e-05,218.44342184066772
324,7.596905913107066e-06,1.3110547414829784e-05,219.1800663471222
325,6.0240419927617004e-06,1.1439090859669164e-05,220.06164693832397
326,5.582519626853154e-06,1.0797816705373315e-05,220.86655616760254
327,5.3160915697005e-06,1.1309210503320254e-05,221.603200674057
328,5.985388770132673e-06,1.3094223919048275e-05,222.34112358093262
329,6.163413646614577e-06,1.2325077362600243e-05,223.09443473815918
330,6.121803963265011e-06,1.1374168975002064e-05,223.86526942253113
331,6.971851999928106e-06,1.2236541213588922e-05,224.62675881385803
332,5.50508675674652e-06,1.0813484844024796e-05,225.3947811126709
333,5.605355004800962e-06,9.899338232272281e-06,226.1260130405426
334,5.962285268497609e-06,1.1349936363630253e-05,226.8492043018341
335,6.450087722694621e-06,1.1881992093871695e-05,227.56719517707825
336,7.864235556280329e-06,1.0387604506716723e-05,228.27536702156067
337,6.095611467481793e-06,1.3537125573460383e-05,228.98010683059692
338,5.998071226992314e-06,1.2529558702387671e-05,229.7203722000122
339,5.828197648830442e-06,1.1031083877702557e-05,230.4657118320465
340,5.648136896063091e-06,1.1646005100661984e-05,231.206316947937
341,5.517343948557567e-06,1.1093924455698343e-05,231.96926164627075
342,5.877672821063574e-06,1.3635344300923805e-05,232.73646926879883
343,6.132879547840856e-06,1.1783294082847476e-05,233.47022247314453
344,5.843465738833245e-06,1.1456588855610249e-05,234.18688321113586
345,5.67928276949898e-06,1.2342646647383948e-05,234.9103491306305
346,7.1162720656392225e-06,1.1444802356879646e-05,235.61609172821045
347,7.129862812773946e-06,1.0420047621802859e-05,236.33138275146484
348,5.291442686195395e-06,1.3035360731194061e-05,237.11511254310608
349,5.420319610220468e-06,1.1706601612728908e-05,238.02958178520203
350,5.4727951430014715e-06,1.1262779279132712e-05,238.86528944969177
351,5.0195659930239795e-06,1.200798384806022e-05,239.65439367294312
352,7.046669481450301e-06,1.306823061803456e-05,240.55605554580688
353,5.901739700602891e-06,1.4728794874688994e-05,241.42487502098083
354,6.4236548893042925e-06,1.197568954472744e-05,242.32820868492126
355,5.6731743364807905e-06,1.2325281509623017e-05,243.31731295585632
356,5.710570438389197e-06,1.0982558504548262e-05,244.15626907348633
357,5.205032709655322e-06,1.1116203023459692e-05,245.00891256332397
358,5.990084294414458e-06,1.0345772381374963e-05,245.89347004890442
359,5.961645884278627e-06,1.173788133730594e-05,246.70242738723755
360,6.04286617000033e-06,1.2806159247702453e-05,247.4823033809662
361,5.68107202670712e-06,1.123661752588512e-05,248.22625851631165
362,6.330302329997111e-06,1.1132679944665465e-05,248.948246717453
363,7.249014311636624e-06,1.1665817374947277e-05,249.6822907924652
364,6.308777254964106e-06,1.129559677792713e-05,250.4065957069397
365,5.0627182571161344e-06,9.746149472344837e-06,251.11269688606262
366,4.861138806675193e-06,1.2394576929815414e-05,251.8762550354004
367,5.083529810309728e-06,1.1368923613973274e-05,252.6432385444641
368,6.1892545355235436e-06,1.2450226182132795e-05,253.41377711296082
369,6.3106249421218e-06,1.4915079663285124e-05,254.16537356376648
370,5.993266750766153e-06,1.6177232760416204e-05,254.92319130897522
371,6.191621227430958e-06,1.0510365393224962e-05,255.635272026062
372,5.006914132089139e-06,9.98398119999008e-06,256.35685420036316
373,5.5384728006255914e-06,1.153790468736047e-05,257.06477189064026
374,5.821208645511869e-06,1.1616683417442697e-05,257.77816677093506
375,5.868557018867416e-06,1.7400612613286447e-05,258.53994846343994
376,5.7118284475379486e-06,1.0660879222743023e-05,259.32118225097656
377,5.6364550177655915e-06,1.0832567913664057e-05,260.0992941856384
378,7.065381945570939e-06,1.113857187296093e-05,260.86955976486206
379,5.781883893256474e-06,1.0906360906038928e-05,261.6248285770416
380,4.8899343177015926e-06,1.3860337178271096e-05,262.3861331939697
381,6.017413688358663e-06,1.0679701356625455e-05,263.13889265060425
382,5.59103837338207e-06,1.1663026331421584e-05,263.8626494407654
383,6.1112636076039566e-06,1.0860011593937503e-05,264.6054108142853
384,5.839535894313866e-06,1.1158649705308402e-05,265.33726835250854
385,5.47275055378878e-06,1.2342069607533446e-05,266.0773854255676
386,5.98607793102574e-06,1.1248904885650507e-05,266.846444606781
387,6.332187403779663e-06,1.1790117477624946e-05,267.7763900756836
388,5.322916278467378e-06,1.1084735281000104e-05,268.65092515945435
389,5.432622878253516e-06,9.422535525498208e-06,269.4592320919037
390,5.543862424095157e-06,1.0980059063444106e-05,270.33958888053894
391,5.4576505728398104e-06,1.0714868817040387e-05,271.2640302181244
392,6.396610943032686e-06,1.1441183405507598e-05,272.21033239364624
393,5.504655852394916e-06,1.1530669527491216e-05,273.21557688713074
394,6.054981956451822e-06,1.1064652797565803e-05,274.0737416744232
395,5.369892033587049e-06,1.258023488660427e-05,274.910293340683
396,5.7866801121134066e-06,1.0502578216122096e-05,275.6970236301422
397,5.9671598898658615e-06,1.3767605443856063e-05,276.4734990596771
398,6.832203171026963e-06,1.2359454310943057e-05,277.2414503097534
399,6.349755945127679e-06,1.238673483477456e-05,277.9789397716522
400,4.9080939579624146e-06,1.0548116253193246e-05,278.7063207626343
401,5.237136210548132e-06,1.1595158970452804e-05,279.45157861709595
402,5.008399678360864e-06,1.1272902478986343e-05,280.1846601963043
403,4.682923951133472e-06,1.3588690446248378e-05,280.92106223106384
404,5.221473360617352e-06,1.012157011683496e-05,281.6860065460205
405,5.891537103088457e-06,1.2833770649160237e-05,282.454519033432
406,6.390437223259438e-06,1.1326242875389952e-05,283.2192142009735
407,5.262808866909575e-06,1.1190500756612569e-05,283.98176741600037
408,6.093519372510268e-06,1.1340722825410967e-05,284.7644045352936
409,5.514424243191201e-06,1.1736835375226683e-05,285.48819303512573
410,6.018652534918966e-06,9.850115489664663e-06,286.21273040771484
411,5.609165751279718e-06,1.0624675574438732e-05,286.93240189552307
412,5.1494046931675086e-06,1.1959762795862545e-05,287.643944978714
413,5.587629175352049e-06,1.308688665112986e-05,288.34928035736084
414,5.645353834284897e-06,1.0014974076845728e-05,289.1114547252655
415,5.592464092772682e-06,1.0705774373698521e-05,289.8747947216034
416,5.667145446474465e-06,1.3556655872728502e-05,290.6233808994293
417,6.958102402134096e-06,1.1826590114743581e-05,291.3859233856201
418,5.658656193144345e-06,1.0463131042043539e-05,292.1416075229645
419,5.106157337481542e-06,9.737557222620183e-06,292.86549520492554
420,4.80877360460929e-06,1.0296321677949752e-05,293.6242666244507
421,5.076045357573065e-06,1.1284957359242106e-05,294.34524416923523
422,5.315750475044962e-06,1.0512547078178613e-05,295.0601522922516
423,5.440265619389961e-06,1.1081897430156897e-05,295.7890667915344
424,6.095286899187649e-06,1.1078375495390567e-05,296.5383541584015
425,5.142172575813111e-06,1.0703545285650762e-05,297.37576389312744
426,5.676254000317481e-06,1.2725861595270867e-05,298.2409291267395
427,6.104894009404698e-06,1.1099863280533906e-05,299.0314345359802
428,5.479218089748176e-06,1.0846770565658056e-05,299.77903723716736
429,5.8821377245123135e-06,1.127035194500261e-05,300.66172432899475
430,5.371320962360722e-06,1.0159224262403043e-05,301.5033268928528
431,5.861655680813312e-06,1.2158116487050474e-05,302.41335344314575
432,5.453552230624692e-06,9.895068494268897e-06,303.28830647468567
433,4.780297400319427e-06,1.0536978488974605e-05,304.11103534698486
434,4.720306211578581e-06,1.159524269289388e-05,304.89222025871277
435,5.803961783432094e-06,1.0656409873677781e-05,305.65008068084717
436,6.226358287914974e-06,1.1471965553016472e-05,306.4071476459503
437,5.902240745737986e-06,1.151412026691888e-05,307.14355087280273
438,5.553569761790635e-06,1.1062093361470954e-05,307.8476560115814
439,5.297298389377945e-06,1.0158311305289477e-05,308.56899309158325
440,5.054018106348056e-06,9.744393338810887e-06,309.2905967235565
441,5.1758319163121645e-06,1.2226947696542049e-05,310.00933933258057
442,5.48111736457859e-06,1.097109330208995e-05,310.75040578842163
443,5.275153349145422e-06,1.0536745989317947e-05,311.5181441307068
444,5.614570568831697e-06,1.1122419218275965e-05,312.2792398929596
445,4.7845342152821905e-06,1.021574818671208e-05,313.0377299785614
446,4.743250128130124e-06,1.0250791115428416e-05,313.80755281448364
447,5.642800109731811e-06,1.1717322586609722e-05,314.56010270118713
448,6.287358487657656e-06,1.1554109600574865e-05,315.3046782016754
449,5.701227797899061e-06,1.1525214142261863e-05,316.04055857658386
450,5.299060791793645e-06,1.1260955523516426e-05,316.7612888813019
451,5.450885689501178e-06,1.12144928872239e-05,317.48903346061707
452,6.044799394698865e-06,1.1109833898260575e-05,318.22140860557556
453,4.863810743746506e-06,1.1826110074229913e-05,318.9855034351349
454,5.831042248966999e-06,1.0865544496321295e-05,319.741263628006
455,5.3644572492016534e-06,1.1568658643411738e-05,320.48986434936523
456,5.09009750400994e-06,1.1077349827131382e-05,321.2374687194824
457,5.823242335232578e-06,1.2579010591609772e-05,321.97709608078003
458,6.240976991436376e-06,1.375310049424334e-05,322.69154262542725
459,6.0045965776121175e-06,1.2023895561481058e-05,323.41564655303955
460,5.73833518463713e-06,9.831035373005036e-06,324.1810796260834
461,4.815899591486899e-06,1.0563142113018262e-05,324.92164850234985
462,5.258289605170868e-06,1.051547558779907e-05,325.66819047927856
463,5.10856695797474e-06,1.0492272489891893e-05,326.43595933914185
464,5.136276655820912e-06,1.0507255905671443e-05,327.2477617263794
465,5.753689711505409e-06,1.2670065292626578e-05,328.1327612400055
466,6.469549031482047e-06,1.2009744036904407e-05,328.9492688179016
467,5.302445559139708e-06,1.1184077922297536e-05,329.66613245010376
468,4.553273693642976e-06,1.0340265051334289e-05,330.54800271987915
469,5.162135505797371e-06,1.1134927308951693e-05,331.388973236084
470,5.396426614881054e-06,1.0702083744933899e-05,332.2821137905121
471,5.491592684104134e-06,1.157815364721604e-05,333.22102189064026
472,5.411511093013386e-06,1.0901788291909114e-05,334.03222155570984
473,5.458425825542455e-06,1.03069778704801e-05,334.8111801147461
474,5.634327027537118e-06,1.1651618490448734e-05,335.57831263542175
475,5.3738561955498836e-06,9.710342588226048e-06,336.3451759815216
476,4.857096492094151e-06,1.0368911814653017e-05,337.08478116989136
477,5.359266131667951e-06,1.1722284395396348e-05,337.80273032188416
478,5.4878655791748684e-06,1.1437496371549567e-05,338.52110624313354
479,5.154236579907713e-06,1.0686396354351846e-05,339.22918701171875
480,6.77938622904473e-06,1.0383346479896698e-05,339.95274472236633
481,5.017454670811427e-06,1.0901293466350246e-05,340.702579498291
482,5.103124569283803e-06,1.0358011434307834e-05,341.4904410839081
483,4.952790517906576e-06,1.139325948753151e-05,342.24082922935486
484,4.766305189728685e-06,9.908785458823263e-06,342.99632501602173
485,5.399048813779255e-06,1.1814861800648711e-05,343.7592327594757
486,5.544062576129259e-06,1.0284959708896387e-05,344.49464321136475
487,5.654596094019143e-06,1.1961255414819248e-05,345.2236337661743
488,5.324914611218339e-06,1.1333749199953281e-05,345.9442901611328
489,4.920246404605297e-06,1.1248937990106392e-05,346.6562638282776
490,5.050196278126748e-06,1.199739256351884e-05,347.3621633052826
491,5.499362025159625e-06,9.916628615900652e-06,348.1323552131653
492,5.30058872327892e-06,9.787735729033453e-06,348.88787937164307
493,4.916062630908623e-06,1.2474632150102319e-05,349.65042448043823
494,5.081306593370819e-06,1.325891361363885e-05,350.41717314720154
495,5.688706229344584e-06,1.1869477959085607e-05,351.17145586013794
496,6.261413959938696e-06,1.1530408439192556e-05,351.8973824977875
497,5.1794622196232345e-06,1.0487577632190977e-05,352.6193072795868
498,7.52051976606932e-06,1.3737369390352647e-05,353.3293309211731
499,6.149563649177407e-06,1.1470429894237711e-05,354.05025601387024
500,4.952539330289189e-06,1.0275563411170556e-05,354.8027718067169
501,5.026952930784783e-06,1.222940202555774e-05,355.5460457801819
502,4.9088933718422e-06,1.1230441636650504e-05,356.3050742149353
503,5.574555393868301e-06,1.1025503779451298e-05,357.10933351516724
504,4.969817252484749e-06,1.2191762264972314e-05,358.01481914520264
505,4.935699328339665e-06,1.0898796471671712e-05,358.8273022174835
506,5.570043541024534e-06,1.1470465163060734e-05,359.55999636650085
507,5.1980104967043325e-06,9.790999672388146e-06,360.386372089386
508,5.282428849106521e-06,1.039269843399952e-05,361.2276875972748
509,6.0368930541028e-06,1.1241157038437197e-05,362.07705187797546
510,5.185243471366097e-06,1.0750282727494316e-05,363.0274324417114
511,5.446311130920464e-06,1.0506389413375807e-05,363.839152097702
512,5.29422759602033e-06,1.0210613553785083e-05,364.6376874446869
513,5.322552652751401e-06,9.844098517360295e-06,365.3990819454193
514,4.701512693464464e-06,1.0246636802664018e-05,366.13779401779175
515,4.776680817157264e-06,1.0462671778878768e-05,366.87029004096985
516,5.960366229591834e-06,1.2574751019224383e-05,367.58598494529724
517,5.552113627357157e-06,1.1783955288373811e-05,368.3122138977051
518,5.678848492316784e-06,1.0721251797642967e-05,369.03908228874207
519,5.3150664289699424e-06,1.0265346599560043e-05,369.79246854782104
520,4.9230131862830415e-06,1.0437109209950777e-05,370.5605664253235
521,5.08639162837234e-06,9.805440629262896e-06,371.3199985027313
522,4.946765878262471e-06,9.661807616448872e-06,372.07037830352783
523,5.276813959345003e-06,1.1428249901563262e-05,372.8257784843445
524,4.890784876129684e-06,9.832656521407617e-06,373.5489664077759
525,5.025285252387561e-06,1.1713725074560564e-05,374.27343463897705
526,5.550263809570102e-06,1.1704353825354954e-05,375.00146651268005
527,5.164148640356673e-06,1.1156429274729195e-05,375.71326327323914
528,5.3735458268507365e-06,1.1026359354932364e-05,376.4436616897583
529,5.585291627955366e-06,1.003690216679434e-05,377.1978008747101
530,4.98436038949109e-06,1.0809194199155862e-05,377.9824583530426
531,4.638390916447963e-06,9.947196908394254e-06,378.76224422454834
532,4.861961547060066e-06,1.1322050444436218e-05,379.51762652397156
533,5.941920148623862e-06,1.1238981993370498e-05,380.2723331451416
534,5.0709817124050045e-06,9.402823623738957e-06,381.01725792884827
535,5.652905313584774e-06,1.2008997842551967e-05,381.7408528327942
536,5.527974696514329e-06,9.054922530376182e-06,382.4664239883423
537,4.454226970342795e-06,1.182839856436992e-05,383.21122336387634
538,5.4072282628490335e-06,1.0905914306724437e-05,383.9722192287445
539,5.1817739306872e-06,1.427830483972005e-05,384.7943184375763
540,5.6951701847134164e-06,1.0016935456854909e-05,385.5976929664612
541,5.04495431533533e-06,1.1502908347222418e-05,386.3625614643097
542,4.765135100096116e-06,9.259038247537205e-06,387.17394161224365
543,4.942013128457823e-06,1.006314477584781e-05,388.0645651817322
544,7.217319315519437e-06,1.0683931099887144e-05,388.8567359447479
545,5.116748898711313e-06,9.73973623089639e-06,389.6122159957886
546,4.702811965487058e-06,9.622374458950052e-06,390.468492269516
547,5.43487594216432e-06,1.051553212037797e-05,391.33679008483887
548,4.4880031772788585e-06,1.1151859435133851e-05,392.21622586250305
549,5.431462442195302e-06,1.050886322457389e-05,393.175479888916
550,4.87094334915944e-06,9.599506866730803e-06,394.02168011665344
551,4.644648187692951e-06,9.372433030968082e-06,394.8054265975952
552,5.085230311876763e-06,9.834098220173612e-06,395.56231474876404
553,5.370351492585408e-06,1.2562984350932058e-05,396.3021309375763
554,5.764309799051029e-06,1.1227878525160928e-05,397.0422329902649
555,5.3749855082926005e-06,1.1382280671902744e-05,397.7811508178711
556,4.868479298459362e-06,9.735099039764602e-06,398.5177426338196
557,4.538943113975068e-06,1.043432962433144e-05,399.2590618133545
558,5.096081073285072e-06,1.1787285432005831e-05,400.02360439300537
559,6.618100373722414e-06,1.1055006843544337e-05,400.80615305900574
560,5.7626155186602125e-06,1.0359655104216874e-05,401.5642204284668
561,5.318116046791969e-06,1.025014970868073e-05,402.3343279361725
562,4.24996047955231e-06,9.569722334174602e-06,403.07804679870605
563,4.863465952997484e-06,9.452800789323548e-06,403.80337023735046
564,4.8595950752619924e-06,1.0514579243354553e-05,404.539354801178
565,4.927061114741923e-06,1.0701714323152408e-05,405.27528190612793
566,4.801750103691762e-06,1.1149319366095484e-05,405.97925567626953
567,5.170374575441158e-06,1.046219847323093e-05,406.71899223327637
568,4.882543300290433e-06,1.0449595213720364e-05,407.49472665786743
569,4.6577356631740015e-06,1.0262956548218956e-05,408.2572362422943
570,5.854951099443282e-06,1.2535564893150416e-05,409.0380139350891
571,5.894382492858194e-06,9.364766367669497e-06,409.8134112358093
572,4.92363680253717e-06,9.767244758717701e-06,410.547137260437
573,4.571621637808039e-06,9.061101994270355e-06,411.27483916282654
574,4.896920201714854e-06,1.021177592542987e-05,412.0027620792389
575,5.251887945830506e-06,1.0245833218044637e-05,412.7257959842682
576,5.4191057849345324e-06,1.1584596254406393e-05,413.46493697166443
577,5.3454721487890545e-06,1.0564857474710613e-05,414.2300863265991
578,4.806690721540571e-06,9.797321811824584e-06,415.01777029037476
579,5.3215336910639215e-06,1.0038428765163857e-05,415.80050253868103
580,4.925759099706555e-06,1.1171362812207537e-05,416.570613861084
581,7.182669445938837e-06,1.1774430852630204e-05,417.4202444553375
582,5.238331659973064e-06,1.0911386831323881e-05,418.27921748161316
583,4.588021411632399e-06,1.0616027808121348e-05,419.02583479881287
584,4.79849893072939e-06,8.604680243490892e-06,419.7433512210846
585,4.734387581707436e-06,1.1106683900776905e-05,420.6357696056366
586,5.178602924379825e-06,9.857660395799122e-06,421.47558426856995
587,4.510740912398517e-06,1.0056094772982207e-05,422.40123224258423
588,4.47028865839904e-06,1.0324049670296379e-05,423.3190743923187
589,4.805511232585362e-06,1.070909596059716e-05,424.1466341018677
590,4.590043153701861e-06,1.0416621474673142e-05,424.9113447666168
591,4.993124807101638e-06,1.0641098654133789e-05,425.63049387931824
592,5.728973066286421e-06,1.1251119338316752e-05,426.3504042625427
593,5.735494363407473e-06,1.1489129093793572e-05,427.07819843292236
594,4.52886828739043e-06,1.039914795162272e-05,427.79126262664795
595,5.25446986544578e-06,1.0705785569693426e-05,428.5302345752716
596,5.210584671391253e-06,1.0643069644278444e-05,429.3134045600891
597,4.703006202173431e-06,1.0104689285002724e-05,430.07736372947693
598,5.181252639851356e-06,1.0294212977067772e-05,430.84123945236206
599,4.612625571534621e-06,1.2653707569911546e-05,431.6122057437897
600,5.658556413875365e-06,9.797768255719095e-06,432.3401758670807
601,5.126078577449081e-06,1.0799837392495866e-05,433.05668807029724
602,5.045174564877754e-06,1.1516320740421306e-05,433.781690120697
603,4.912006220612571e-06,1.0274966440146606e-05,434.50130343437195
604,4.587318639555444e-06,1.0536791910165942e-05,435.2301118373871
605,4.82859410786854e-06,1.1545117495533983e-05,435.9704349040985
606,5.219282101665994e-06,9.632220988212886e-06,436.73810744285583
607,5.195394481207809e-06,1.0507297877700672e-05,437.49286437034607
608,5.1769515667633245e-06,9.94878181228171e-06,438.2493712902069
609,4.820359138215246e-06,1.0786923969388664e-05,438.998428106308
610,4.609277861739054e-06,1.0219825232720896e-05,439.752628326416
611,4.950441521918438e-06,1.024969686666368e-05,440.47546577453613
612,5.083727395854388e-06,1.1445859866087837e-05,441.1877090930939
613,5.634143388788608e-06,1.1284058605787887e-05,441.91782689094543
614,5.171372668874405e-06,9.693408386899332e-06,442.65831232070923
615,5.132056003276375e-06,1.0168232341164162e-05,443.393807888031
616,4.445737918234745e-06,8.797551676183549e-06,444.1687681674957
617,4.641913332039685e-06,9.110163082829175e-06,444.9502909183502
618,5.204760029777355e-06,1.0317019109319102e-05,445.7378988265991
619,4.90817429496606e-06,1.0069400723641362e-05,446.5157437324524
620,4.816176650305811e-06,1.007000005762465e-05,447.35085797309875
621,4.878547100795582e-06,8.13529014878809e-06,448.2145013809204
622,4.6516940921818445e-06,1.0034954587503815e-05,449.0006058216095
623,4.9231882988819394e-06,1.2878524517597e-05,449.74471163749695
624,5.139624880657808e-06,9.642566622840352e-06,450.61998295783997
625,4.8661418687449e-06,9.93983672754128e-06,451.4947860240936
626,4.641586941123971e-06,1.0144265184241209e-05,452.3949854373932
627,5.1195850039348965e-06,9.98656055286764e-06,453.32121205329895
628,4.845058931630646e-06,1.0929873807774267e-05,454.2166016101837
629,5.047944834162578e-06,1.1186930140854511e-05,455.24008202552795
630,4.870406355011322e-06,9.430643420365655e-06,456.32607436180115
631,5.120793877123882e-06,1.0402814766592523e-05,457.86103081703186
632,4.514879062441241e-06,1.160017491432122e-05,458.8265233039856
633,4.887107670641761e-06,1.2527453743097817e-05,459.8802864551544
634,5.1098240314771855e-06,1.08209578569056e-05,460.91728615760803
635,4.650953974523524e-06,8.943969766122894e-06,462.0435218811035
636,4.951554559645741e-06,9.764805263675722e-06,463.05364441871643
637,4.893599875555292e-06,9.53899972115277e-06,464.3413243293762
638,5.36243374335173e-06,9.631100151118862e-06,465.6432135105133
639,4.692692625965243e-06,1.0632612326004118e-05,467.34844279289246
640,5.396320607897955e-06,1.0945473224890957e-05,468.4425480365753
641,5.474674486676828e-06,9.877941632607239e-06,469.3558065891266
642,4.763219139088944e-06,9.610398675951867e-06,470.32613730430603
643,5.002332282295707e-06,8.84201940780143e-06,471.3727216720581
644,4.562321596829326e-06,1.033162890985583e-05,472.41055965423584
645,4.691481253845128e-06,9.443769912753782e-06,473.4439973831177
646,4.323018484732814e-06,9.677517347214074e-06,474.3271379470825
647,4.830125843685886e-06,9.186359132894999e-06,475.2060196399689
648,4.85469912508069e-06,1.0796481475050382e-05,476.02049827575684
649,5.221966803626205e-06,9.749711033449945e-06,476.74559211730957
650,5.457794171302005e-06,1.0621822299601516e-05,477.6090497970581
651,5.1402531351896275e-06,1.0499713667579986e-05,478.49369645118713
652,6.049015536818e-06,1.1877439969276001e-05,479.3042588233948
653,4.55998121270995e-06,8.588894831829541e-06,480.11218309402466
654,4.3936760137646125e-06,1.054468404756243e-05,481.0168116092682
655,4.6964702180205245e-06,1.0172384365801065e-05,481.8973128795624
656,4.500901451710336e-06,9.074392074822593e-06,482.86262798309326
657,4.474117321632847e-06,1.138755413516656e-05,483.6660523414612
658,5.713026866622897e-06,1.1405856812301334e-05,484.4694662094116
659,5.023046202831219e-06,9.466852980385508e-06,485.196163892746
660,4.91584231671362e-06,1.0262694993660354e-05,485.92758226394653
661,4.647985045298941e-06,9.365083663316356e-06,486.68237233161926
662,4.731125520597031e-06,9.816662409493687e-06,487.4752016067505
663,4.782950655701247e-06,9.281030871315573e-06,488.24942564964294
664,4.471033421962605e-06,1.0994932649103973e-05,489.02605509757996
665,4.677031889955854e-06,9.457419586212808e-06,489.7985146045685
666,5.0391353573368845e-06,8.950894960987711e-06,490.54685735702515
667,4.823963548531788e-06,8.786560481641135e-06,491.2516152858734
668,5.340741767323749e-06,1.0214745160841562e-05,492.0294260978699
669,5.2876472812650475e-06,9.077768887621034e-06,492.76398515701294
670,4.354825119871777e-06,9.486039441727843e-06,493.48218989372253
671,4.933154128483324e-06,8.810000784976608e-06,494.33221435546875
672,4.731944723250915e-06,1.0663097667400254e-05,495.1193633079529
673,4.799245606629059e-06,1.035376859259555e-05,495.91030716896057
674,4.293631988843664e-06,1.0496118492586834e-05,496.6767466068268
675,5.044663303908801e-06,9.245214826052365e-06,497.47120213508606
676,4.862267328331863e-06,9.485802026194759e-06,498.21121406555176
677,5.408385516402225e-06,1.0892607049386185e-05,499.0572988986969
678,4.935693562637231e-06,9.071258425218374e-06,500.0957889556885
679,5.097671579749269e-06,9.390677704790437e-06,500.983767747879
680,4.66235806684221e-06,1.0576764628274737e-05,501.76274251937866
681,4.949370392864331e-06,1.0751101399364416e-05,502.5455000400543
682,4.9607264831858935e-06,9.921636216018623e-06,503.32047748565674
683,5.025819277602096e-06,9.070405963893215e-06,504.0918264389038
684,4.283546716145758e-06,1.1958501234610456e-05,504.8583707809448
685,4.763569409325615e-06,9.487466257591614e-06,505.5882658958435
686,5.487330911066714e-06,1.1600266468202434e-05,506.35508131980896
687,5.477134681468059e-06,1.0032846560108415e-05,507.1095268726349
688,4.964460126742802e-06,8.969001129703947e-06,508.0504479408264
689,4.09736852767025e-06,8.686054078553533e-06,508.9390902519226
690,4.707811901713552e-06,9.532911011014728e-06,509.7307274341583
691,5.023919067851808e-06,1.073167627912915e-05,510.6447672843933
692,4.692711954180522e-06,9.012535181544173e-06,511.52319741249084
693,4.495367948648824e-06,9.307326904548328e-06,512.4631423950195
694,4.113425705301093e-06,1.226936517094698e-05,513.3966684341431
695,5.006161466382311e-06,1.0978039507433636e-05,514.2079405784607
696,4.907205731779714e-06,9.320967224027034e-06,514.989150762558
697,4.859607792932714e-06,8.679589018932266e-06,515.7506945133209
698,4.419969741683746e-06,9.30396699511186e-06,516.5317838191986
699,4.626220460792979e-06,1.0645858132008897e-05,517.3150956630707
700,4.589489436328878e-06,9.783574951949117e-06,518.1241371631622
701,5.4724489821989286e-06,9.236530271249925e-06,518.9264695644379
702,4.556774684532431e-06,1.039436422247433e-05,519.7015836238861
703,4.6860956075987995e-06,8.387936402500543e-06,520.4366075992584
704,4.466681989600848e-06,9.856834908475055e-06,521.1760115623474
705,4.686878752274639e-06,9.925710835748852e-06,521.9211974143982
706,4.567641330861382e-06,1.0005722017496414e-05,522.6605315208435
707,4.924549207331415e-06,1.0735966909607346e-05,523.42924284935
708,5.762231947260508e-06,9.248987939654513e-06,524.2029557228088
709,4.430941534898569e-06,8.953784658785215e-06,524.9907023906708
710,5.101718745453009e-06,9.82336917884454e-06,525.7724139690399
711,4.315645453814319e-06,1.001336619670446e-05,526.5453147888184
712,4.60058675942625e-06,1.0581526158269217e-05,527.3133006095886
713,4.094589149636172e-06,8.815881125849068e-06,528.0508258342743
714,4.932180421421592e-06,1.1250017707102934e-05,528.7893218994141
715,4.547621651168178e-06,9.575244216130504e-06,529.5253162384033
716,5.03719565575755e-06,1.0060862747149592e-05,530.2681128978729
717,4.233899714066569e-06,1.06029535109434e-05,531.0221478939056
718,5.026255779850004e-06,1.0828582197040927e-05,531.7964072227478
719,4.859787348398702e-06,1.003686802620525e-05,532.5673611164093
720,4.933496818749974e-06,1.0401275466956807e-05,533.3301358222961
721,4.522343629061721e-06,1.0697717237845506e-05,534.1060013771057
722,5.294029273145701e-06,1.0230586563990027e-05,534.8914399147034
723,5.153482615701061e-06,9.18662298133739e-06,535.6766238212585
724,4.327626823922651e-06,9.072330906551369e-06,536.4410541057587
725,4.466825547019551e-06,9.371147434303797e-06,537.1967434883118
726,4.469725262752966e-06,1.118780115184218e-05,538.0876529216766
727,4.717902647361205e-06,1.0078626255102491e-05,538.9356489181519
728,4.704897000978142e-06,1.041901158933348e-05,539.7085671424866
729,4.725416152351549e-06,1.0287065433773552e-05,540.603401184082
730,5.142489881225442e-06,9.3060050201967e-06,541.490437746048
731,5.940878437219469e-06,1.0299550104960711e-05,542.3869676589966
732,4.799548217745203e-06,1.0088014554455611e-05,543.3173544406891
733,4.351395503249841e-06,8.851946243143911e-06,544.1069490909576
734,4.6764957740657985e-06,1.0758808175408756e-05,544.8834595680237
735,5.327429350992939e-06,1.1684286601860239e-05,545.6317007541656
736,4.6534429527880525e-06,9.626171933195099e-06,546.4008371829987
737,4.286210093288302e-06,8.327491234957029e-06,547.1900081634521
738,4.217706943270346e-06,9.672658745929063e-06,547.9670276641846
739,4.1659072435075755e-06,9.357244377347745e-06,548.7406070232391
740,4.748999945643964e-06,1.1004211006089647e-05,549.481929063797
741,5.399739120984335e-06,9.320698238090838e-06,550.2024586200714
742,5.018324613390175e-06,1.2794069760597658e-05,550.9201595783234
743,5.070762608448159e-06,1.0017554693230166e-05,551.6780774593353
744,4.687486713161101e-06,9.168338295504454e-06,552.4282104969025
745,4.446167736568315e-06,9.367253352150018e-06,553.2107019424438
746,4.778322607644993e-06,1.0005125135695046e-05,553.9936938285828
747,4.620024709019084e-06,8.874616955663556e-06,554.8005948066711
748,4.852791555832939e-06,8.11240094743523e-06,555.5662052631378
749,4.904830252933072e-06,9.180729343422137e-06,556.3391416072845
750,4.268776134273494e-06,8.73667051530015e-06,557.046101808548
751,4.3948101507519895e-06,9.464189231580292e-06,557.7739796638489
752,5.020419924282663e-06,9.991164593493177e-06,558.4879169464111
753,4.28594027083638e-06,8.790807893852109e-06,559.1992650032043
754,4.33359684376074e-06,1.0017910374734106e-05,559.9339573383331
755,4.3535415191983856e-06,9.173606460098188e-06,560.69948554039
756,4.756726762010681e-06,9.60377173202998e-06,561.4614934921265
757,4.81695839151219e-06,9.627077355317748e-06,562.2223129272461
758,4.498975955537465e-06,9.140186864298605e-06,562.9928650856018
759,4.319094070303607e-06,9.922837480074502e-06,563.7378540039062
760,4.465034312822729e-06,1.059995990337622e-05,564.4699034690857
761,5.187794863341317e-06,1.0693770715838984e-05,565.180291891098
762,5.186499019358259e-06,9.223458083754309e-06,565.8913714885712
763,4.481301891737472e-06,8.939035196126958e-06,566.6595096588135
764,4.238378282455272e-06,1.0264220409111129e-05,567.5079281330109
765,4.694378761584017e-06,8.522778179086125e-06,568.3756601810455
766,4.176134414813361e-06,1.0392487540598325e-05,569.1983966827393
767,5.173065804406077e-06,9.614099104809714e-06,570.0196425914764
768,4.396126963963532e-06,9.374380095070155e-06,570.9259774684906
769,4.560656679605714e-06,9.532417250370542e-06,571.7485997676849
770,4.4219457736536755e-06,1.2137704916197816e-05,572.7074055671692
771,5.721714020769802e-06,9.519017552681557e-06,573.554488658905
772,4.799509464698993e-06,1.0305455710214475e-05,574.3767595291138
773,4.768670325615611e-06,8.955860799181245e-06,575.154878616333
774,5.100619642172487e-06,8.925132090242393e-06,575.9424421787262
775,4.435914997710194e-06,8.987526917977287e-06,576.7003040313721
776,4.697449568743868e-06,8.388056498973394e-06,577.4594464302063
777,4.44333561946447e-06,1.0003773966189651e-05,578.2215659618378
778,4.8869873514664775e-06,1.086166296577003e-05,578.9725875854492
779,5.573001971832639e-06,1.151932489352199e-05,579.7152636051178
780,5.1018307338892825e-06,1.0014758506454373e-05,580.4497373104095
781,4.65839083497154e-06,1.0546907261310548e-05,581.1849546432495
782,4.078889852359009e-06,8.737598651765162e-06,581.905971288681
783,4.165866674377696e-06,9.305220822780835e-06,582.663881778717
784,4.675988108942512e-06,9.21119501843442e-06,583.4139981269836
785,4.797882045970993e-06,1.0902114584645967e-05,584.1830861568451
786,4.604840534431188e-06,1.0112195799523807e-05,584.969850063324
787,5.2140112442569586e-06,8.832488599838616e-06,585.7562761306763
788,4.245025429816032e-06,8.8356590264153e-06,586.5063498020172
789,4.318129570059647e-06,8.353019893547753e-06,587.2523188591003
790,4.7802571878683795e-06,9.803996081130588e-06,587.9904296398163
791,4.670121602241427e-06,1.1194598214445516e-05,588.7203893661499
792,4.291962875740341e-06,8.461729982017563e-06,589.4540948867798
793,4.3066383943497e-06,1.0346555790178333e-05,590.2216057777405
794,4.6539756050433335e-06,8.932987542767144e-06,591.0005171298981
795,4.715875322650542e-06,8.978704307059782e-06,591.7595734596252
796,4.8176180584800275e-06,9.960469855332697e-06,592.5362448692322
797,4.6242105348903045e-06,1.078715804627031e-05,593.3007225990295
798,5.2879769956138775e-06,1.1243756800260737e-05,594.0436124801636
799,5.331509893408793e-06,9.454271960322917e-06,594.7840805053711
800,4.302892949881105e-06,9.451253367554767e-06,595.5263469219208
